factor,warning_date,primary_classification,appendix_classification,reference_collapse_start,appendix_lead_time_days,inside_active_collapse,within_primary_horizon,within_extended_horizon
CMA,1965-10-19,false_positive,too_early_to_attribute,1980-09-17,3736.0,False,False,False
CMA,1965-11-03,false_positive,too_early_to_attribute,1980-09-17,3726.0,False,False,False
CMA,1966-01-04,false_positive,too_early_to_attribute,1980-09-17,3684.0,False,False,False
CMA,1966-08-30,false_positive,too_early_to_attribute,1980-09-17,3518.0,False,False,False
CMA,1967-01-09,false_positive,too_early_to_attribute,1980-09-17,3429.0,False,False,False
CMA,1967-04-03,false_positive,too_early_to_attribute,1980-09-17,3371.0,False,False,False
CMA,1967-11-21,false_positive,too_early_to_attribute,1980-09-17,3209.0,False,False,False
CMA,1968-01-02,false_positive,too_early_to_attribute,1980-09-17,3182.0,False,False,False
CMA,1968-06-03,false_positive,too_early_to_attribute,1980-09-17,3078.0,False,False,False
CMA,1969-04-11,false_positive,too_early_to_attribute,1980-09-17,2889.0,False,False,False
CMA,1969-06-26,false_positive,too_early_to_attribute,1980-09-17,2836.0,False,False,False
CMA,1970-04-29,false_positive,too_early_to_attribute,1980-09-17,2625.0,False,False,False
CMA,1970-08-04,false_positive,too_early_to_attribute,1980-09-17,2557.0,False,False,False
CMA,1971-08-17,false_positive,too_early_to_attribute,1980-09-17,2295.0,False,False,False
CMA,1972-11-13,false_positive,too_early_to_attribute,1980-09-17,1980.0,False,False,False
CMA,1974-01-03,false_positive,too_early_to_attribute,1980-09-17,1695.0,False,False,False
CMA,1974-03-15,false_positive,too_early_to_attribute,1980-09-17,1645.0,False,False,False
CMA,1975-06-27,false_positive,too_early_to_attribute,1980-09-17,1320.0,False,False,False
CMA,1975-07-17,false_positive,too_early_to_attribute,1980-09-17,1307.0,False,False,False
CMA,1975-11-12,false_positive,too_early_to_attribute,1980-09-17,1224.0,False,False,False
CMA,1976-06-23,false_positive,too_early_to_attribute,1980-09-17,1070.0,False,False,False
CMA,1976-08-10,false_positive,too_early_to_attribute,1980-09-17,1037.0,False,False,False
CMA,1977-10-12,false_positive,too_early_to_attribute,1980-09-17,741.0,False,False,False
CMA,1977-10-26,false_positive,too_early_to_attribute,1980-09-17,731.0,False,False,False
CMA,1978-03-31,false_positive,too_early_to_attribute,1980-09-17,624.0,False,False,False
CMA,1978-08-03,false_positive,too_early_to_attribute,1980-09-17,537.0,False,False,False
CMA,1978-10-26,false_positive,too_early_to_attribute,1980-09-17,478.0,False,False,False
CMA,1979-01-30,false_positive,too_early_to_attribute,1980-09-17,413.0,False,False,False
CMA,1980-01-31,false_positive,extended_early_warning,1980-09-17,159.0,False,False,True
CMA,1980-10-15,false_positive,post_collapse_warning,1980-09-17,0.0,True,False,False
CMA,1981-04-08,false_positive,too_early_to_attribute,1991-02-15,2493.0,False,False,False
CMA,1981-05-01,false_positive,too_early_to_attribute,1991-02-15,2477.0,False,False,False
CMA,1981-08-24,false_positive,too_early_to_attribute,1991-02-15,2398.0,False,False,False
CMA,1981-09-15,false_positive,too_early_to_attribute,1991-02-15,2383.0,False,False,False
CMA,1982-01-28,false_positive,too_early_to_attribute,1991-02-15,2289.0,False,False,False
CMA,1982-08-25,false_positive,too_early_to_attribute,1991-02-15,2144.0,False,False,False
CMA,1984-07-27,false_positive,too_early_to_attribute,1991-02-15,1657.0,False,False,False
CMA,1984-10-29,false_positive,too_early_to_attribute,1991-02-15,1592.0,False,False,False
CMA,1985-12-27,false_positive,too_early_to_attribute,1991-02-15,1299.0,False,False,False
CMA,1986-07-11,false_positive,too_early_to_attribute,1991-02-15,1164.0,False,False,False
CMA,1987-10-20,false_positive,too_early_to_attribute,1991-02-15,841.0,False,False,False
CMA,1989-06-29,false_positive,too_early_to_attribute,1991-02-15,413.0,False,False,False
CMA,1989-07-14,false_positive,too_early_to_attribute,1991-02-15,403.0,False,False,False
CMA,1990-07-24,false_positive,extended_early_warning,1991-02-15,144.0,False,False,True
CMA,1991-11-15,false_positive,post_collapse_warning,1991-07-22,0.0,True,False,False
CMA,1993-02-22,false_positive,too_early_to_attribute,1999-01-15,1491.0,False,False,False
CMA,1994-03-18,false_positive,too_early_to_attribute,1999-01-15,1219.0,False,False,False
CMA,1994-04-05,false_positive,too_early_to_attribute,1999-01-15,1208.0,False,False,False
CMA,1995-07-19,false_positive,too_early_to_attribute,1999-01-15,883.0,False,False,False
CMA,1996-02-09,false_positive,too_early_to_attribute,1999-01-15,740.0,False,False,False
CMA,1996-07-17,false_positive,too_early_to_attribute,1999-01-15,631.0,False,False,False
CMA,1997-10-13,false_positive,too_early_to_attribute,1999-01-15,317.0,False,False,False
CMA,1997-10-27,false_positive,too_early_to_attribute,1999-01-15,307.0,False,False,False
CMA,1998-08-31,true_positive,true_positive,1999-01-15,95.0,False,True,True
CMA,1998-12-07,false_positive,duplicate_in_horizon,1999-01-15,27.0,False,True,True
CMA,1998-12-31,false_positive,duplicate_in_horizon,1999-01-15,10.0,False,True,True
CMA,2000-01-04,false_positive,too_early_to_attribute,2004-11-03,1214.0,False,False,False
CMA,2000-10-19,false_positive,too_early_to_attribute,2004-11-03,1013.0,False,False,False
CMA,2001-01-03,false_positive,too_early_to_attribute,2004-11-03,962.0,False,False,False
CMA,2002-05-08,false_positive,too_early_to_attribute,2004-11-03,628.0,False,False,False
CMA,2004-09-02,true_positive,true_positive,2004-11-03,43.0,False,True,True
CMA,2006-08-17,false_positive,too_early_to_attribute,2014-03-13,1904.0,False,False,False
CMA,2007-01-03,false_positive,too_early_to_attribute,2014-03-13,1810.0,False,False,False
CMA,2007-08-10,false_positive,too_early_to_attribute,2014-03-13,1658.0,False,False,False
CMA,2009-10-23,false_positive,too_early_to_attribute,2014-03-13,1102.0,False,False,False
CMA,2010-12-23,false_positive,too_early_to_attribute,2014-03-13,808.0,False,False,False
CMA,2012-01-27,false_positive,too_early_to_attribute,2014-03-13,533.0,False,False,False
CMA,2013-10-08,true_positive,true_positive,2014-03-13,107.0,False,True,True
CMA,2014-06-20,false_positive,extended_early_warning,2015-04-23,211.0,False,False,True
CMA,2015-07-17,false_positive,post_collapse_warning,2015-07-10,0.0,True,False,False
CMA,2016-11-30,false_positive,too_early_to_attribute,2023-12-27,1779.0,False,False,False
CMA,2019-05-15,false_positive,too_early_to_attribute,2023-12-27,1163.0,False,False,False
CMA,2019-06-03,false_positive,too_early_to_attribute,2023-12-27,1151.0,False,False,False
CMA,2019-07-30,false_positive,too_early_to_attribute,2023-12-27,1111.0,False,False,False
CMA,2019-08-12,false_positive,too_early_to_attribute,2023-12-27,1102.0,False,False,False
CMA,2020-03-19,false_positive,too_early_to_attribute,2023-12-27,950.0,False,False,False
CMA,2021-01-27,false_positive,too_early_to_attribute,2023-12-27,734.0,False,False,False
CMA,2022-11-10,false_positive,too_early_to_attribute,2023-12-27,282.0,False,False,False
CMA,2023-09-28,true_positive,true_positive,2023-12-27,62.0,False,True,True
CMA,2024-02-02,false_positive,terminal_false_positive,,,False,False,False
CMA,2025-03-20,false_positive,terminal_false_positive,,,False,False,False
CMA,2025-04-09,false_positive,terminal_false_positive,,,False,False,False
CMA,2025-04-25,false_positive,terminal_false_positive,,,False,False,False
CMA,2025-07-01,false_positive,terminal_false_positive,,,False,False,False
CMA,2026-02-04,false_positive,terminal_false_positive,,,False,False,False
HML,1965-02-10,false_positive,too_early_to_attribute,1969-12-10,1189.0,False,False,False
HML,1965-02-23,false_positive,too_early_to_attribute,1969-12-10,1181.0,False,False,False
HML,1965-04-06,false_positive,too_early_to_attribute,1969-12-10,1151.0,False,False,False
HML,1965-07-28,false_positive,too_early_to_attribute,1969-12-10,1073.0,False,False,False
HML,1966-08-30,false_positive,too_early_to_attribute,1969-12-10,797.0,False,False,False
HML,1968-01-02,false_positive,too_early_to_attribute,1969-12-10,461.0,False,False,False
HML,1968-07-22,false_positive,too_early_to_attribute,1969-12-10,329.0,False,False,False
HML,1968-10-28,false_positive,too_early_to_attribute,1969-12-10,273.0,False,False,False
HML,1970-04-29,false_positive,too_early_to_attribute,1972-01-06,429.0,False,False,False
HML,1970-08-18,false_positive,too_early_to_attribute,1972-01-06,351.0,False,False,False
HML,1971-08-02,true_positive,true_positive,1972-01-06,110.0,False,True,True
HML,1971-10-29,false_positive,duplicate_in_horizon,1972-01-06,47.0,False,True,True
HML,1973-11-21,false_positive,too_early_to_attribute,1978-05-11,1128.0,False,False,False
HML,1974-03-25,false_positive,too_early_to_attribute,1978-05-11,1044.0,False,False,False
HML,1974-06-26,false_positive,too_early_to_attribute,1978-05-11,979.0,False,False,False
HML,1974-10-09,false_positive,too_early_to_attribute,1978-05-11,906.0,False,False,False
HML,1975-01-30,false_positive,too_early_to_attribute,1978-05-11,828.0,False,False,False
HML,1975-07-31,false_positive,too_early_to_attribute,1978-05-11,702.0,False,False,False
HML,1976-01-02,false_positive,too_early_to_attribute,1978-05-11,595.0,False,False,False
HML,1978-04-18,true_positive,true_positive,1978-05-11,17.0,False,True,True
HML,1978-08-15,false_positive,too_early_to_attribute,1980-07-09,480.0,False,False,False
HML,1978-10-30,false_positive,too_early_to_attribute,1980-07-09,427.0,False,False,False
HML,1980-01-02,false_positive,extended_early_warning,1980-07-09,131.0,False,False,True
HML,1980-01-25,true_positive,true_positive,1980-07-09,114.0,False,True,True
HML,1980-03-28,false_positive,duplicate_in_horizon,1980-07-09,70.0,False,True,True
HML,1980-06-24,false_positive,duplicate_in_horizon,1980-07-09,10.0,False,True,True
HML,1981-08-24,false_positive,too_early_to_attribute,1986-06-12,1214.0,False,False,False
HML,1981-09-15,false_positive,too_early_to_attribute,1986-06-12,1199.0,False,False,False
HML,1982-05-24,false_positive,too_early_to_attribute,1986-06-12,1025.0,False,False,False
HML,1983-06-28,false_positive,too_early_to_attribute,1986-06-12,747.0,False,False,False
HML,1983-07-27,false_positive,too_early_to_attribute,1986-06-12,727.0,False,False,False
HML,1983-11-08,false_positive,too_early_to_attribute,1986-06-12,654.0,False,False,False
HML,1984-10-29,false_positive,too_early_to_attribute,1986-06-12,408.0,False,False,False
HML,1986-07-07,false_positive,too_early_to_attribute,1989-11-08,847.0,False,False,False
HML,1987-09-02,false_positive,too_early_to_attribute,1989-11-08,553.0,False,False,False
HML,1987-09-29,false_positive,too_early_to_attribute,1989-11-08,535.0,False,False,False
HML,1987-10-20,false_positive,too_early_to_attribute,1989-11-08,520.0,False,False,False
HML,1989-04-07,false_positive,extended_early_warning,1989-11-08,150.0,False,False,True
HML,1989-10-13,true_positive,true_positive,1989-11-08,18.0,False,True,True
HML,1991-01-09,false_positive,too_early_to_attribute,1998-12-22,2011.0,False,False,False
HML,1991-11-15,false_positive,too_early_to_attribute,1998-12-22,1794.0,False,False,False
HML,1992-01-16,false_positive,too_early_to_attribute,1998-12-22,1753.0,False,False,False
HML,1992-04-14,false_positive,too_early_to_attribute,1998-12-22,1691.0,False,False,False
HML,1992-09-25,false_positive,too_early_to_attribute,1998-12-22,1577.0,False,False,False
HML,1993-02-22,false_positive,too_early_to_attribute,1998-12-22,1475.0,False,False,False
HML,1994-11-23,false_positive,too_early_to_attribute,1998-12-22,1030.0,False,False,False
HML,1996-04-02,false_positive,too_early_to_attribute,1998-12-22,688.0,False,False,False
HML,1996-04-26,false_positive,too_early_to_attribute,1998-12-22,671.0,False,False,False
HML,1996-07-11,false_positive,too_early_to_attribute,1998-12-22,619.0,False,False,False
HML,1996-10-09,false_positive,too_early_to_attribute,1998-12-22,556.0,False,False,False
HML,1997-10-27,false_positive,too_early_to_attribute,1998-12-22,291.0,False,False,False
HML,1999-04-19,true_positive,true_positive,1999-10-01,116.0,False,True,True
HML,2001-02-06,false_positive,too_early_to_attribute,2007-07-05,1609.0,False,False,False
HML,2001-06-27,false_positive,too_early_to_attribute,2007-07-05,1511.0,False,False,False
HML,2002-05-08,false_positive,too_early_to_attribute,2007-07-05,1298.0,False,False,False
HML,2002-09-26,false_positive,too_early_to_attribute,2007-07-05,1200.0,False,False,False
HML,2003-10-15,false_positive,too_early_to_attribute,2007-07-05,935.0,False,False,False
HML,2005-01-03,false_positive,too_early_to_attribute,2007-07-05,629.0,False,False,False
HML,2006-02-02,false_positive,too_early_to_attribute,2007-07-05,356.0,False,False,False
HML,2006-03-03,false_positive,too_early_to_attribute,2007-07-05,336.0,False,False,False
HML,2006-04-03,false_positive,too_early_to_attribute,2007-07-05,315.0,False,False,False
HML,2006-05-09,false_positive,too_early_to_attribute,2007-07-05,290.0,False,False,False
HML,2007-05-15,true_positive,true_positive,2007-07-05,35.0,False,True,True
HML,2007-08-10,false_positive,post_collapse_warning,2007-07-05,0.0,True,False,False
HML,2008-07-08,false_positive,terminal_false_positive,,,False,False,False
HML,2008-07-16,false_positive,terminal_false_positive,,,False,False,False
HML,2010-04-16,false_positive,terminal_false_positive,,,False,False,False
HML,2011-08-08,false_positive,terminal_false_positive,,,False,False,False
HML,2012-08-15,false_positive,terminal_false_positive,,,False,False,False
HML,2012-08-31,false_positive,terminal_false_positive,,,False,False,False
HML,2012-10-10,false_positive,terminal_false_positive,,,False,False,False
HML,2012-11-07,false_positive,terminal_false_positive,,,False,False,False
HML,2014-07-14,false_positive,terminal_false_positive,,,False,False,False
HML,2014-07-23,false_positive,terminal_false_positive,,,False,False,False
HML,2014-08-14,false_positive,terminal_false_positive,,,False,False,False
HML,2014-09-02,false_positive,terminal_false_positive,,,False,False,False
HML,2014-10-15,false_positive,terminal_false_positive,,,False,False,False
HML,2015-08-06,false_positive,terminal_false_positive,,,False,False,False
HML,2016-11-10,false_positive,terminal_false_positive,,,False,False,False
HML,2017-06-09,false_positive,terminal_false_positive,,,False,False,False
HML,2019-09-09,false_positive,terminal_false_positive,,,False,False,False
HML,2020-03-09,false_positive,terminal_false_positive,,,False,False,False
HML,2022-09-21,false_positive,terminal_false_positive,,,False,False,False
HML,2022-11-10,false_positive,terminal_false_positive,,,False,False,False
HML,2022-12-27,false_positive,terminal_false_positive,,,False,False,False
HML,2023-03-13,false_positive,terminal_false_positive,,,False,False,False
HML,2023-05-15,false_positive,terminal_false_positive,,,False,False,False
HML,2024-07-17,false_positive,terminal_false_positive,,,False,False,False
HML,2024-11-06,false_positive,terminal_false_positive,,,False,False,False
HML,2025-06-26,false_positive,terminal_false_positive,,,False,False,False
MKT_RF,1965-04-05,false_positive,too_early_to_attribute,1969-11-24,1141.0,False,False,False
MKT_RF,1965-06-30,false_positive,too_early_to_attribute,1969-11-24,1081.0,False,False,False
MKT_RF,1965-09-07,false_positive,too_early_to_attribute,1969-11-24,1034.0,False,False,False
MKT_RF,1966-12-21,false_positive,too_early_to_attribute,1969-11-24,708.0,False,False,False
MKT_RF,1967-07-07,false_positive,too_early_to_attribute,1969-11-24,572.0,False,False,False
MKT_RF,1970-05-04,false_positive,post_collapse_warning,1970-04-22,0.0,True,False,False
MKT_RF,1970-05-27,false_positive,post_collapse_warning,1970-04-22,0.0,True,False,False
MKT_RF,1971-08-16,false_positive,too_early_to_attribute,1981-09-17,2548.0,False,False,False
MKT_RF,1971-11-10,false_positive,too_early_to_attribute,1981-09-17,2487.0,False,False,False
MKT_RF,1973-11-19,false_positive,too_early_to_attribute,1981-09-17,1977.0,False,False,False
MKT_RF,1974-07-12,false_positive,too_early_to_attribute,1981-09-17,1815.0,False,False,False
MKT_RF,1975-12-30,false_positive,too_early_to_attribute,1981-09-17,1444.0,False,False,False
MKT_RF,1976-08-09,false_positive,too_early_to_attribute,1981-09-17,1290.0,False,False,False
MKT_RF,1977-07-27,false_positive,too_early_to_attribute,1981-09-17,1047.0,False,False,False
MKT_RF,1977-09-28,false_positive,too_early_to_attribute,1981-09-17,1003.0,False,False,False
MKT_RF,1978-08-23,false_positive,too_early_to_attribute,1981-09-17,775.0,False,False,False
MKT_RF,1978-11-01,false_positive,too_early_to_attribute,1981-09-17,726.0,False,False,False
MKT_RF,1979-10-09,false_positive,too_early_to_attribute,1981-09-17,490.0,False,False,False
MKT_RF,1981-08-24,true_positive,true_positive,1981-09-17,17.0,False,True,True
MKT_RF,1982-01-28,true_positive,true_positive,1982-02-22,16.0,False,True,True
MKT_RF,1982-03-02,true_positive,true_positive,1982-05-24,58.0,False,True,True
MKT_RF,1982-08-17,false_positive,too_early_to_attribute,1990-08-17,2024.0,False,False,False
MKT_RF,1984-02-09,false_positive,too_early_to_attribute,1990-08-17,1648.0,False,False,False
MKT_RF,1984-02-23,false_positive,too_early_to_attribute,1990-08-17,1639.0,False,False,False
MKT_RF,1984-08-02,false_positive,too_early_to_attribute,1990-08-17,1527.0,False,False,False
MKT_RF,1984-10-30,false_positive,too_early_to_attribute,1990-08-17,1465.0,False,False,False
MKT_RF,1984-12-18,false_positive,too_early_to_attribute,1990-08-17,1431.0,False,False,False
MKT_RF,1986-01-08,false_positive,too_early_to_attribute,1990-08-17,1166.0,False,False,False
MKT_RF,1986-03-20,false_positive,too_early_to_attribute,1990-08-17,1116.0,False,False,False
MKT_RF,1986-07-07,false_positive,too_early_to_attribute,1990-08-17,1042.0,False,False,False
MKT_RF,1986-07-22,false_positive,too_early_to_attribute,1990-08-17,1031.0,False,False,False
MKT_RF,1986-09-11,false_positive,too_early_to_attribute,1990-08-17,995.0,False,False,False
MKT_RF,1986-12-01,false_positive,too_early_to_attribute,1990-08-17,939.0,False,False,False
MKT_RF,1987-10-19,false_positive,too_early_to_attribute,1990-08-17,716.0,False,False,False
MKT_RF,1989-10-13,false_positive,extended_early_warning,1990-08-17,213.0,False,False,True
MKT_RF,1991-08-21,false_positive,too_early_to_attribute,2000-12-14,2355.0,False,False,False
MKT_RF,1991-11-04,false_positive,too_early_to_attribute,2000-12-14,2303.0,False,False,False
MKT_RF,1991-11-15,false_positive,too_early_to_attribute,2000-12-14,2294.0,False,False,False
MKT_RF,1993-02-16,false_positive,too_early_to_attribute,2000-12-14,1979.0,False,False,False
MKT_RF,1994-02-04,false_positive,too_early_to_attribute,2000-12-14,1732.0,False,False,False
MKT_RF,1994-03-15,false_positive,too_early_to_attribute,2000-12-14,1706.0,False,False,False
MKT_RF,1995-09-25,false_positive,too_early_to_attribute,2000-12-14,1320.0,False,False,False
MKT_RF,1996-03-08,false_positive,too_early_to_attribute,2000-12-14,1205.0,False,False,False
MKT_RF,1996-05-21,false_positive,too_early_to_attribute,2000-12-14,1154.0,False,False,False
MKT_RF,1997-10-27,false_positive,too_early_to_attribute,2000-12-14,791.0,False,False,False
MKT_RF,1999-12-20,false_positive,extended_early_warning,2000-12-14,250.0,False,False,True
MKT_RF,2000-04-14,false_positive,extended_early_warning,2000-12-14,169.0,False,False,True
MKT_RF,2001-09-17,false_positive,post_collapse_warning,2001-06-04,0.0,True,False,False
MKT_RF,2004-08-11,false_positive,too_early_to_attribute,2008-05-21,951.0,False,False,False
MKT_RF,2005-10-26,false_positive,too_early_to_attribute,2008-05-21,645.0,False,False,False
MKT_RF,2005-12-13,false_positive,too_early_to_attribute,2008-05-21,612.0,False,False,False
MKT_RF,2006-12-20,false_positive,too_early_to_attribute,2008-05-21,355.0,False,False,False
MKT_RF,2007-01-16,false_positive,too_early_to_attribute,2008-05-21,340.0,False,False,False
MKT_RF,2007-02-08,false_positive,too_early_to_attribute,2008-05-21,323.0,False,False,False
MKT_RF,2007-02-27,false_positive,too_early_to_attribute,2008-05-21,311.0,False,False,False
MKT_RF,2008-05-30,true_positive,true_positive,2008-09-09,70.0,False,True,True
MKT_RF,2008-09-29,true_positive,true_positive,2009-02-25,102.0,False,True,True
MKT_RF,2010-03-02,false_positive,too_early_to_attribute,2016-01-15,1480.0,False,False,False
MKT_RF,2011-02-28,false_positive,too_early_to_attribute,2016-01-15,1229.0,False,False,False
MKT_RF,2011-08-04,false_positive,too_early_to_attribute,2016-01-15,1119.0,False,False,False
MKT_RF,2012-02-27,false_positive,too_early_to_attribute,2016-01-15,978.0,False,False,False
MKT_RF,2013-03-22,false_positive,too_early_to_attribute,2016-01-15,710.0,False,False,False
MKT_RF,2013-04-15,false_positive,too_early_to_attribute,2016-01-15,695.0,False,False,False
MKT_RF,2014-07-07,false_positive,too_early_to_attribute,2016-01-15,386.0,False,False,False
MKT_RF,2014-08-19,false_positive,too_early_to_attribute,2016-01-15,355.0,False,False,False
MKT_RF,2015-08-24,true_positive,true_positive,2016-01-15,100.0,False,True,True
MKT_RF,2016-06-24,false_positive,terminal_false_positive,,,False,False,False
MKT_RF,2018-02-05,false_positive,terminal_false_positive,,,False,False,False
MKT_RF,2018-10-10,false_positive,terminal_false_positive,,,False,False,False
MKT_RF,2019-03-20,false_positive,terminal_false_positive,,,False,False,False
MKT_RF,2020-02-24,false_positive,terminal_false_positive,,,False,False,False
MKT_RF,2020-07-31,false_positive,terminal_false_positive,,,False,False,False
MKT_RF,2022-11-10,false_positive,terminal_false_positive,,,False,False,False
MKT_RF,2024-02-06,false_positive,terminal_false_positive,,,False,False,False
MKT_RF,2024-07-24,false_positive,terminal_false_positive,,,False,False,False
MKT_RF,2024-11-13,false_positive,terminal_false_positive,,,False,False,False
MKT_RF,2024-11-21,false_positive,terminal_false_positive,,,False,False,False
MKT_RF,2025-04-04,false_positive,terminal_false_positive,,,False,False,False
MKT_RF,2025-06-09,false_positive,terminal_false_positive,,,False,False,False
MOM,1965-02-26,false_positive,too_early_to_attribute,1971-02-01,1467.0,False,False,False
MOM,1966-08-16,false_positive,too_early_to_attribute,1971-02-01,1096.0,False,False,False
MOM,1967-01-03,false_positive,too_early_to_attribute,1971-02-01,1001.0,False,False,False
MOM,1968-05-15,false_positive,too_early_to_attribute,1971-02-01,658.0,False,False,False
MOM,1969-10-13,false_positive,too_early_to_attribute,1971-02-01,330.0,False,False,False
MOM,1970-01-02,false_positive,too_early_to_attribute,1971-02-01,274.0,False,False,False
MOM,1970-05-27,false_positive,extended_early_warning,1971-02-01,173.0,False,False,True
MOM,1971-08-23,false_positive,too_early_to_attribute,1975-12-03,1081.0,False,False,False
MOM,1972-12-14,false_positive,too_early_to_attribute,1975-12-03,748.0,False,False,False
MOM,1973-02-28,false_positive,too_early_to_attribute,1975-12-03,699.0,False,False,False
MOM,1973-04-24,false_positive,too_early_to_attribute,1975-12-03,661.0,False,False,False
MOM,1973-07-11,false_positive,too_early_to_attribute,1975-12-03,607.0,False,False,False
MOM,1974-01-03,false_positive,too_early_to_attribute,1975-12-03,485.0,False,False,False
MOM,1974-03-04,false_positive,too_early_to_attribute,1975-12-03,444.0,False,False,False
MOM,1974-04-24,false_positive,too_early_to_attribute,1975-12-03,408.0,False,False,False
MOM,1975-04-18,false_positive,extended_early_warning,1975-12-03,159.0,False,False,True
MOM,1975-12-09,false_positive,post_collapse_warning,1975-12-03,0.0,True,False,False
MOM,1977-11-17,false_positive,too_early_to_attribute,1981-11-20,1013.0,False,False,False
MOM,1978-03-03,false_positive,too_early_to_attribute,1981-11-20,941.0,False,False,False
MOM,1978-03-27,false_positive,too_early_to_attribute,1981-11-20,926.0,False,False,False
MOM,1978-04-17,false_positive,too_early_to_attribute,1981-11-20,911.0,False,False,False
MOM,1978-09-20,false_positive,too_early_to_attribute,1981-11-20,802.0,False,False,False
MOM,1978-11-01,false_positive,too_early_to_attribute,1981-11-20,772.0,False,False,False
MOM,1979-01-17,false_positive,too_early_to_attribute,1981-11-20,720.0,False,False,False
MOM,1980-06-09,false_positive,too_early_to_attribute,1981-11-20,368.0,False,False,False
MOM,1981-04-03,false_positive,extended_early_warning,1981-11-20,161.0,False,False,True
MOM,1981-09-15,true_positive,true_positive,1981-11-20,48.0,False,True,True
MOM,1982-08-25,false_positive,too_early_to_attribute,1983-11-25,318.0,False,False,False
MOM,1982-11-19,false_positive,too_early_to_attribute,1983-11-25,257.0,False,False,False
MOM,1984-08-02,false_positive,too_early_to_attribute,1994-07-25,2521.0,False,False,False
MOM,1986-08-01,false_positive,too_early_to_attribute,1994-07-25,2017.0,False,False,False
MOM,1986-08-14,false_positive,too_early_to_attribute,1994-07-25,2008.0,False,False,False
MOM,1987-10-16,false_positive,too_early_to_attribute,1994-07-25,1711.0,False,False,False
MOM,1988-01-28,false_positive,too_early_to_attribute,1994-07-25,1640.0,False,False,False
MOM,1989-03-28,false_positive,too_early_to_attribute,1994-07-25,1347.0,False,False,False
MOM,1989-08-04,false_positive,too_early_to_attribute,1994-07-25,1256.0,False,False,False
MOM,1989-09-27,false_positive,too_early_to_attribute,1994-07-25,1219.0,False,False,False
MOM,1989-11-30,false_positive,too_early_to_attribute,1994-07-25,1174.0,False,False,False
MOM,1989-12-28,false_positive,too_early_to_attribute,1994-07-25,1155.0,False,False,False
MOM,1990-11-12,false_positive,too_early_to_attribute,1994-07-25,934.0,False,False,False
MOM,1990-12-05,false_positive,too_early_to_attribute,1994-07-25,918.0,False,False,False
MOM,1991-08-30,false_positive,too_early_to_attribute,1994-07-25,732.0,False,False,False
MOM,1991-11-15,false_positive,too_early_to_attribute,1994-07-25,678.0,False,False,False
MOM,1993-07-02,false_positive,too_early_to_attribute,1994-07-25,267.0,False,False,False
MOM,1993-08-12,false_positive,extended_early_warning,1994-07-25,239.0,False,False,True
MOM,1994-02-18,true_positive,true_positive,1994-07-25,106.0,False,True,True
MOM,1994-07-14,false_positive,duplicate_in_horizon,1994-07-25,7.0,False,True,True
MOM,1995-04-03,false_positive,too_early_to_attribute,2001-01-19,1464.0,False,False,False
MOM,1997-10-28,false_positive,too_early_to_attribute,2001-01-19,813.0,False,False,False
MOM,1998-01-20,false_positive,too_early_to_attribute,2001-01-19,757.0,False,False,False
MOM,1998-02-17,false_positive,too_early_to_attribute,2001-01-19,738.0,False,False,False
MOM,1999-04-14,false_positive,too_early_to_attribute,2001-01-19,447.0,False,False,False
MOM,1999-07-14,false_positive,too_early_to_attribute,2001-01-19,384.0,False,False,False
MOM,2000-03-15,false_positive,extended_early_warning,2001-01-19,214.0,False,False,True
MOM,2000-07-12,false_positive,extended_early_warning,2001-01-19,132.0,False,False,True
MOM,2001-01-03,true_positive,true_positive,2001-01-19,11.0,False,True,True
MOM,2002-05-08,false_positive,too_early_to_attribute,2003-05-30,267.0,False,False,False
MOM,2003-09-24,true_positive,true_positive,2004-02-02,89.0,False,True,True
MOM,2003-10-03,false_positive,post_collapse_warning,2003-05-30,0.0,True,False,False
MOM,2004-10-27,false_positive,too_early_to_attribute,2010-01-15,1314.0,False,False,False
MOM,2005-01-19,false_positive,too_early_to_attribute,2010-01-15,1257.0,False,False,False
MOM,2005-06-20,false_positive,too_early_to_attribute,2010-01-15,1152.0,False,False,False
MOM,2005-07-15,false_positive,too_early_to_attribute,2010-01-15,1134.0,False,False,False
MOM,2006-08-28,false_positive,too_early_to_attribute,2010-01-15,852.0,False,False,False
MOM,2006-11-29,false_positive,too_early_to_attribute,2010-01-15,787.0,False,False,False
MOM,2007-08-06,false_positive,too_early_to_attribute,2010-01-15,617.0,False,False,False
MOM,2008-07-16,false_positive,too_early_to_attribute,2010-01-15,379.0,False,False,False
MOM,2009-09-17,true_positive,true_positive,2010-01-15,83.0,False,True,True
MOM,2009-12-10,false_positive,duplicate_in_horizon,2010-01-15,24.0,False,True,True
MOM,2010-08-20,false_positive,too_early_to_attribute,2016-08-01,1496.0,False,False,False
MOM,2010-09-02,false_positive,too_early_to_attribute,2016-08-01,1487.0,False,False,False
MOM,2012-03-29,false_positive,too_early_to_attribute,2016-08-01,1091.0,False,False,False
MOM,2013-02-20,false_positive,too_early_to_attribute,2016-08-01,868.0,False,False,False
MOM,2013-04-25,false_positive,too_early_to_attribute,2016-08-01,823.0,False,False,False
MOM,2014-06-23,false_positive,too_early_to_attribute,2016-08-01,531.0,False,False,False
MOM,2014-07-24,false_positive,too_early_to_attribute,2016-08-01,509.0,False,False,False
MOM,2015-01-30,false_positive,too_early_to_attribute,2016-08-01,378.0,False,False,False
MOM,2015-08-06,false_positive,extended_early_warning,2016-08-01,248.0,False,False,True
MOM,2016-05-23,true_positive,true_positive,2016-08-01,48.0,False,True,True
MOM,2016-08-25,true_positive,true_positive,2016-10-25,42.0,False,True,True
MOM,2016-11-09,true_positive,true_positive,2017-03-23,91.0,False,True,True
MOM,2017-12-22,false_positive,terminal_false_positive,,,False,False,False
MOM,2018-02-21,false_positive,terminal_false_positive,,,False,False,False
MOM,2019-03-14,false_positive,terminal_false_positive,,,False,False,False
MOM,2019-09-09,false_positive,terminal_false_positive,,,False,False,False
MOM,2020-03-09,false_positive,terminal_false_positive,,,False,False,False
MOM,2020-04-17,false_positive,terminal_false_positive,,,False,False,False
MOM,2020-11-09,false_positive,terminal_false_positive,,,False,False,False
MOM,2022-03-01,false_positive,terminal_false_positive,,,False,False,False
MOM,2022-11-10,false_positive,terminal_false_positive,,,False,False,False
MOM,2024-10-14,false_positive,terminal_false_positive,,,False,False,False
MOM,2024-12-09,false_positive,terminal_false_positive,,,False,False,False
MOM,2025-01-27,false_positive,terminal_false_positive,,,False,False,False
MOM,2026-02-25,false_positive,terminal_false_positive,,,False,False,False
RMW,1965-07-27,false_positive,too_early_to_attribute,1973-12-17,2089.0,False,False,False
RMW,1965-10-01,false_positive,too_early_to_attribute,1973-12-17,2042.0,False,False,False
RMW,1966-02-01,false_positive,too_early_to_attribute,1973-12-17,1958.0,False,False,False
RMW,1966-02-10,false_positive,too_early_to_attribute,1973-12-17,1951.0,False,False,False
RMW,1966-08-29,false_positive,too_early_to_attribute,1973-12-17,1813.0,False,False,False
RMW,1967-03-16,false_positive,too_early_to_attribute,1973-12-17,1676.0,False,False,False
RMW,1967-03-28,false_positive,too_early_to_attribute,1973-12-17,1669.0,False,False,False
RMW,1967-10-24,false_positive,too_early_to_attribute,1973-12-17,1522.0,False,False,False
RMW,1968-01-04,false_positive,too_early_to_attribute,1973-12-17,1474.0,False,False,False
RMW,1969-08-28,false_positive,too_early_to_attribute,1973-12-17,1087.0,False,False,False
RMW,1969-11-10,false_positive,too_early_to_attribute,1973-12-17,1036.0,False,False,False
RMW,1969-12-24,false_positive,too_early_to_attribute,1973-12-17,1005.0,False,False,False
RMW,1971-08-02,false_positive,too_early_to_attribute,1973-12-17,600.0,False,False,False
RMW,1972-11-24,false_positive,too_early_to_attribute,1973-12-17,266.0,False,False,False
RMW,1974-03-26,false_positive,too_early_to_attribute,1993-04-21,4821.0,False,False,False
RMW,1975-07-09,false_positive,too_early_to_attribute,1993-04-21,4496.0,False,False,False
RMW,1975-08-26,false_positive,too_early_to_attribute,1993-04-21,4462.0,False,False,False
RMW,1976-11-04,false_positive,too_early_to_attribute,1993-04-21,4160.0,False,False,False
RMW,1977-01-12,false_positive,too_early_to_attribute,1993-04-21,4113.0,False,False,False
RMW,1978-01-03,false_positive,too_early_to_attribute,1993-04-21,3868.0,False,False,False
RMW,1978-01-17,false_positive,too_early_to_attribute,1993-04-21,3858.0,False,False,False
RMW,1978-04-17,false_positive,too_early_to_attribute,1993-04-21,3796.0,False,False,False
RMW,1978-11-01,false_positive,too_early_to_attribute,1993-04-21,3657.0,False,False,False
RMW,1980-01-02,false_positive,too_early_to_attribute,1993-04-21,3363.0,False,False,False
RMW,1980-03-27,false_positive,too_early_to_attribute,1993-04-21,3303.0,False,False,False
RMW,1981-09-28,false_positive,too_early_to_attribute,1993-04-21,2924.0,False,False,False
RMW,1981-10-08,false_positive,too_early_to_attribute,1993-04-21,2916.0,False,False,False
RMW,1982-07-14,false_positive,too_early_to_attribute,1993-04-21,2724.0,False,False,False
RMW,1984-08-02,false_positive,too_early_to_attribute,1993-04-21,2203.0,False,False,False
RMW,1985-11-04,false_positive,too_early_to_attribute,1993-04-21,1886.0,False,False,False
RMW,1986-04-02,false_positive,too_early_to_attribute,1993-04-21,1784.0,False,False,False
RMW,1986-05-05,false_positive,too_early_to_attribute,1993-04-21,1761.0,False,False,False
RMW,1987-10-20,false_positive,too_early_to_attribute,1993-04-21,1391.0,False,False,False
RMW,1989-04-20,false_positive,too_early_to_attribute,1993-04-21,1012.0,False,False,False
RMW,1989-05-02,false_positive,too_early_to_attribute,1993-04-21,1004.0,False,False,False
RMW,1989-05-24,false_positive,too_early_to_attribute,1993-04-21,988.0,False,False,False
RMW,1989-07-26,false_positive,too_early_to_attribute,1993-04-21,945.0,False,False,False
RMW,1989-08-08,false_positive,too_early_to_attribute,1993-04-21,936.0,False,False,False
RMW,1989-10-16,false_positive,too_early_to_attribute,1993-04-21,888.0,False,False,False
RMW,1989-12-27,false_positive,too_early_to_attribute,1993-04-21,838.0,False,False,False
RMW,1990-08-02,false_positive,too_early_to_attribute,1993-04-21,687.0,False,False,False
RMW,1990-08-27,false_positive,too_early_to_attribute,1993-04-21,670.0,False,False,False
RMW,1990-12-28,false_positive,too_early_to_attribute,1993-04-21,584.0,False,False,False
RMW,1992-04-23,false_positive,extended_early_warning,1993-04-21,251.0,False,False,True
RMW,1992-10-21,true_positive,true_positive,1993-04-21,125.0,False,True,True
RMW,1993-09-07,false_positive,post_collapse_warning,1993-05-28,0.0,True,False,False
RMW,1993-11-01,false_positive,post_collapse_warning,1993-05-28,0.0,True,False,False
RMW,1993-11-16,false_positive,post_collapse_warning,1993-05-28,0.0,True,False,False
RMW,1994-08-31,false_positive,too_early_to_attribute,1999-03-17,1146.0,False,False,False
RMW,1995-10-04,false_positive,too_early_to_attribute,1999-03-17,870.0,False,False,False
RMW,1996-02-22,false_positive,too_early_to_attribute,1999-03-17,773.0,False,False,False
RMW,1996-09-24,false_positive,too_early_to_attribute,1999-03-17,624.0,False,False,False
RMW,1998-01-12,false_positive,too_early_to_attribute,1999-03-17,296.0,False,False,False
RMW,1998-02-25,false_positive,too_early_to_attribute,1999-03-17,266.0,False,False,False
RMW,1998-09-02,false_positive,extended_early_warning,1999-03-17,134.0,False,False,True
RMW,1999-04-19,true_positive,true_positive,1999-08-26,91.0,False,True,True
RMW,1999-05-12,false_positive,post_collapse_warning,1999-03-17,0.0,True,False,False
RMW,2001-03-21,false_positive,too_early_to_attribute,2012-12-13,2951.0,False,False,False
RMW,2001-08-29,false_positive,too_early_to_attribute,2012-12-13,2839.0,False,False,False
RMW,2001-10-11,false_positive,too_early_to_attribute,2012-12-13,2813.0,False,False,False
RMW,2002-06-04,false_positive,too_early_to_attribute,2012-12-13,2652.0,False,False,False
RMW,2002-07-25,false_positive,too_early_to_attribute,2012-12-13,2616.0,False,False,False
RMW,2003-11-06,false_positive,too_early_to_attribute,2012-12-13,2291.0,False,False,False
RMW,2004-02-11,false_positive,too_early_to_attribute,2012-12-13,2226.0,False,False,False
RMW,2004-12-31,false_positive,too_early_to_attribute,2012-12-13,2002.0,False,False,False
RMW,2005-02-15,false_positive,too_early_to_attribute,2012-12-13,1971.0,False,False,False
RMW,2005-12-21,false_positive,too_early_to_attribute,2012-12-13,1756.0,False,False,False
RMW,2007-03-06,false_positive,too_early_to_attribute,2012-12-13,1456.0,False,False,False
RMW,2007-03-21,false_positive,too_early_to_attribute,2012-12-13,1445.0,False,False,False
RMW,2007-08-02,false_positive,too_early_to_attribute,2012-12-13,1352.0,False,False,False
RMW,2008-09-18,false_positive,too_early_to_attribute,2012-12-13,1067.0,False,False,False
RMW,2010-04-21,false_positive,too_early_to_attribute,2012-12-13,668.0,False,False,False
RMW,2011-08-08,false_positive,too_early_to_attribute,2012-12-13,340.0,False,False,False
RMW,2012-09-27,true_positive,true_positive,2012-12-13,52.0,False,True,True
RMW,2012-10-17,true_positive,true_positive,2013-04-09,116.0,False,True,True
RMW,2013-02-25,false_positive,post_collapse_warning,2012-12-13,0.0,True,False,False
RMW,2014-06-27,false_positive,too_early_to_attribute,2020-04-17,1461.0,False,False,False
RMW,2014-08-18,false_positive,too_early_to_attribute,2020-04-17,1426.0,False,False,False
RMW,2015-05-27,false_positive,too_early_to_attribute,2020-04-17,1232.0,False,False,False
RMW,2015-06-22,false_positive,too_early_to_attribute,2020-04-17,1214.0,False,False,False
RMW,2015-07-29,false_positive,too_early_to_attribute,2020-04-17,1188.0,False,False,False
RMW,2016-02-08,false_positive,too_early_to_attribute,2020-04-17,1055.0,False,False,False
RMW,2017-02-17,false_positive,too_early_to_attribute,2020-04-17,795.0,False,False,False
RMW,2018-03-26,false_positive,too_early_to_attribute,2020-04-17,519.0,False,False,False
RMW,2018-04-05,false_positive,too_early_to_attribute,2020-04-17,512.0,False,False,False
RMW,2019-05-22,false_positive,extended_early_warning,2020-04-17,228.0,False,False,True
RMW,2019-07-05,false_positive,extended_early_warning,2020-04-17,198.0,False,False,True
RMW,2020-02-05,true_positive,true_positive,2020-04-17,50.0,False,True,True
RMW,2020-03-19,false_positive,duplicate_in_horizon,2020-04-17,20.0,False,True,True
RMW,2021-07-14,false_positive,too_early_to_attribute,2025-06-20,988.0,False,False,False
RMW,2021-09-16,false_positive,too_early_to_attribute,2025-06-20,943.0,False,False,False
RMW,2021-12-01,false_positive,too_early_to_attribute,2025-06-20,890.0,False,False,False
RMW,2022-05-09,false_positive,too_early_to_attribute,2025-06-20,781.0,False,False,False
RMW,2023-08-15,false_positive,too_early_to_attribute,2025-06-20,463.0,False,False,False
RMW,2024-04-29,false_positive,too_early_to_attribute,2025-06-20,286.0,False,False,False
RMW,2024-05-28,false_positive,too_early_to_attribute,2025-06-20,266.0,False,False,False
RMW,2025-07-03,true_positive,true_positive,2025-08-04,21.0,False,True,True
RMW,2025-07-17,true_positive,true_positive,2025-09-18,44.0,False,True,True
RMW,2025-09-18,false_positive,post_collapse_warning,2025-09-18,0.0,True,False,False
RMW,2026-02-04,true_positive,true_positive,2026-04-01,39.0,False,True,True
SMB,1965-06-14,false_positive,too_early_to_attribute,1969-08-12,1020.0,False,False,False
SMB,1967-06-05,false_positive,too_early_to_attribute,1969-08-12,522.0,False,False,False
SMB,1967-08-08,false_positive,too_early_to_attribute,1969-08-12,477.0,False,False,False
SMB,1967-08-29,false_positive,too_early_to_attribute,1969-08-12,462.0,False,False,False
SMB,1969-01-20,false_positive,extended_early_warning,1969-08-12,139.0,False,False,True
SMB,1969-06-23,true_positive,true_positive,1969-08-12,34.0,False,True,True
SMB,1969-07-28,true_positive,true_positive,1969-11-21,83.0,False,True,True
SMB,1969-09-17,false_positive,duplicate_in_horizon,1969-11-21,47.0,False,True,True
SMB,1971-08-16,false_positive,too_early_to_attribute,1973-01-31,368.0,False,False,False
SMB,1973-01-02,true_positive,true_positive,1973-01-31,20.0,False,True,True
SMB,1973-01-18,false_positive,duplicate_in_horizon,1973-01-31,8.0,False,True,True
SMB,1973-05-21,false_positive,post_collapse_warning,1973-01-31,0.0,True,False,False
SMB,1974-09-05,false_positive,too_early_to_attribute,1984-05-25,2458.0,False,False,False
SMB,1975-07-10,false_positive,too_early_to_attribute,1984-05-25,2245.0,False,False,False
SMB,1976-10-13,false_positive,too_early_to_attribute,1984-05-25,1925.0,False,False,False
SMB,1976-11-09,false_positive,too_early_to_attribute,1984-05-25,1907.0,False,False,False
SMB,1976-12-17,false_positive,too_early_to_attribute,1984-05-25,1880.0,False,False,False
SMB,1978-04-14,false_positive,too_early_to_attribute,1984-05-25,1547.0,False,False,False
SMB,1978-10-20,false_positive,too_early_to_attribute,1984-05-25,1415.0,False,False,False
SMB,1979-01-19,false_positive,too_early_to_attribute,1984-05-25,1353.0,False,False,False
SMB,1979-10-10,false_positive,too_early_to_attribute,1984-05-25,1170.0,False,False,False
SMB,1980-03-27,false_positive,too_early_to_attribute,1984-05-25,1053.0,False,False,False
SMB,1980-06-17,false_positive,too_early_to_attribute,1984-05-25,997.0,False,False,False
SMB,1981-09-28,false_positive,too_early_to_attribute,1984-05-25,674.0,False,False,False
SMB,1981-12-22,false_positive,too_early_to_attribute,1984-05-25,614.0,False,False,False
SMB,1982-08-17,false_positive,too_early_to_attribute,1984-05-25,450.0,False,False,False
SMB,1984-06-20,false_positive,post_collapse_warning,1984-05-25,0.0,True,False,False
SMB,1984-11-16,false_positive,too_early_to_attribute,1990-09-25,1478.0,False,False,False
SMB,1986-01-08,false_positive,too_early_to_attribute,1990-09-25,1192.0,False,False,False
SMB,1986-03-21,false_positive,too_early_to_attribute,1990-09-25,1141.0,False,False,False
SMB,1987-04-23,false_positive,too_early_to_attribute,1990-09-25,866.0,False,False,False
SMB,1987-07-14,false_positive,too_early_to_attribute,1990-09-25,810.0,False,False,False
SMB,1987-09-22,false_positive,too_early_to_attribute,1990-09-25,761.0,False,False,False
SMB,1989-01-19,false_positive,too_early_to_attribute,1990-09-25,425.0,False,False,False
SMB,1989-10-13,false_positive,extended_early_warning,1990-09-25,239.0,False,False,True
SMB,1990-01-15,false_positive,extended_early_warning,1990-09-25,176.0,False,False,True
SMB,1991-08-01,false_positive,too_early_to_attribute,1997-04-22,1447.0,False,False,False
SMB,1991-12-02,false_positive,too_early_to_attribute,1997-04-22,1362.0,False,False,False
SMB,1992-03-02,false_positive,too_early_to_attribute,1997-04-22,1300.0,False,False,False
SMB,1992-03-12,false_positive,too_early_to_attribute,1997-04-22,1292.0,False,False,False
SMB,1992-12-31,false_positive,too_early_to_attribute,1997-04-22,1088.0,False,False,False
SMB,1994-02-02,false_positive,too_early_to_attribute,1997-04-22,812.0,False,False,False
SMB,1994-02-15,false_positive,too_early_to_attribute,1997-04-22,803.0,False,False,False
SMB,1994-03-28,false_positive,too_early_to_attribute,1997-04-22,775.0,False,False,False
SMB,1994-07-28,false_positive,too_early_to_attribute,1997-04-22,691.0,False,False,False
SMB,1995-01-12,false_positive,too_early_to_attribute,1997-04-22,575.0,False,False,False
SMB,1995-01-31,false_positive,too_early_to_attribute,1997-04-22,562.0,False,False,False
SMB,1995-02-24,false_positive,too_early_to_attribute,1997-04-22,545.0,False,False,False
SMB,1996-12-03,true_positive,true_positive,1997-04-22,96.0,False,True,True
SMB,1996-12-31,true_positive,true_positive,1997-06-10,111.0,False,True,True
SMB,1999-04-13,false_positive,too_early_to_attribute,2007-11-16,2164.0,False,False,False
SMB,2000-01-05,false_positive,too_early_to_attribute,2007-11-16,1978.0,False,False,False
SMB,2000-03-15,false_positive,too_early_to_attribute,2007-11-16,1930.0,False,False,False
SMB,2001-04-19,false_positive,too_early_to_attribute,2007-11-16,1654.0,False,False,False
SMB,2001-06-04,false_positive,too_early_to_attribute,2007-11-16,1623.0,False,False,False
SMB,2002-11-25,false_positive,too_early_to_attribute,2007-11-16,1253.0,False,False,False
SMB,2003-07-22,false_positive,too_early_to_attribute,2007-11-16,1090.0,False,False,False
SMB,2003-10-07,false_positive,too_early_to_attribute,2007-11-16,1036.0,False,False,False
SMB,2005-02-09,false_positive,too_early_to_attribute,2007-11-16,698.0,False,False,False
SMB,2005-03-09,false_positive,too_early_to_attribute,2007-11-16,679.0,False,False,False
SMB,2005-04-05,false_positive,too_early_to_attribute,2007-11-16,661.0,False,False,False
SMB,2006-03-07,false_positive,too_early_to_attribute,2007-11-16,429.0,False,False,False
SMB,2007-04-03,false_positive,extended_early_warning,2007-11-16,159.0,False,False,True
SMB,2007-06-08,true_positive,true_positive,2007-11-16,113.0,False,True,True
SMB,2007-08-08,true_positive,true_positive,2008-01-03,102.0,False,True,True
SMB,2008-09-30,false_positive,too_early_to_attribute,2014-09-15,1499.0,False,False,False
SMB,2010-02-08,false_positive,too_early_to_attribute,2014-09-15,1158.0,False,False,False
SMB,2011-01-19,false_positive,too_early_to_attribute,2014-09-15,919.0,False,False,False
SMB,2011-02-02,false_positive,too_early_to_attribute,2014-09-15,909.0,False,False,False
SMB,2011-10-04,false_positive,too_early_to_attribute,2014-09-15,740.0,False,False,False
SMB,2012-01-03,false_positive,too_early_to_attribute,2014-09-15,678.0,False,False,False
SMB,2013-04-15,false_positive,too_early_to_attribute,2014-09-15,358.0,False,False,False
SMB,2013-07-01,false_positive,too_early_to_attribute,2014-09-15,304.0,False,False,False
SMB,2014-10-15,true_positive,true_positive,2014-11-28,31.0,False,True,True
SMB,2015-03-04,false_positive,too_early_to_attribute,2019-05-30,1067.0,False,False,False
SMB,2015-08-21,false_positive,too_early_to_attribute,2019-05-30,948.0,False,False,False
SMB,2016-11-09,false_positive,too_early_to_attribute,2019-05-30,640.0,False,False,False
SMB,2019-02-13,true_positive,true_positive,2019-05-30,73.0,False,True,True
SMB,2020-03-02,true_positive,true_positive,2020-03-10,6.0,False,True,True
SMB,2020-03-10,false_positive,post_collapse_warning,2020-03-10,0.0,True,False,False
SMB,2021-11-26,false_positive,terminal_false_positive,,,False,False,False
SMB,2023-01-25,false_positive,terminal_false_positive,,,False,False,False
SMB,2023-02-13,false_positive,terminal_false_positive,,,False,False,False
SMB,2023-03-06,false_positive,terminal_false_positive,,,False,False,False
SMB,2023-06-06,false_positive,terminal_false_positive,,,False,False,False
SMB,2023-08-25,false_positive,terminal_false_positive,,,False,False,False
SMB,2023-11-14,false_positive,terminal_false_positive,,,False,False,False
SMB,2024-07-11,false_positive,terminal_false_positive,,,False,False,False
